IP_Address,request_count,avg_anomaly_score,threat_count,suspicious
192.168.0.100,1,0.69,0,False
192.168.0.143,1,0.59,0,False
192.168.0.187,1,0.596,0,False
192.168.1.142,1,0.596,1,True
192.168.1.151,1,0.09,0,False
192.168.1.161,1,0.576,0,False
192.168.1.203,1,0.228,0,False
192.168.1.92,1,0.504,0,False
192.168.10.189,1,0.895,0,True
192.168.10.192,1,0.766,0,True
192.168.10.68,1,0.127,0,False
192.168.10.72,1,0.902,1,True
192.168.100.1,1,0.136,0,False
192.168.100.144,1,0.146,0,False
192.168.100.148,1,0.265,0,False
192.168.100.164,1,0.615,0,False
192.168.100.175,1,0.316,0,False
192.168.100.245,1,0.03,0,False
192.168.100.33,1,0.574,0,False
192.168.101.69,1,0.811,0,True
192.168.102.100,1,0.143,0,False
192.168.102.128,1,0.113,0,False
192.168.102.183,1,0.657,0,False
192.168.102.185,1,0.674,0,False
192.168.102.23,1,0.27,0,False
192.168.102.40,1,0.469,0,False
192.168.102.46,1,0.68,1,True
192.168.102.62,1,0.58,0,False
192.168.102.72,1,0.427,0,False
192.168.102.97,1,0.221,0,False
192.168.103.128,1,0.71,0,True
192.168.103.160,1,0.69,0,False
192.168.103.179,1,0.289,0,False
192.168.103.236,1,0.423,0,False
192.168.103.73,1,0.03,0,False
192.168.104.209,1,0.951,0,True
192.168.104.26,1,0.773,0,True
192.168.104.99,1,0.443,0,False
192.168.105.117,1,0.725,0,True
192.168.105.122,1,0.174,0,False
192.168.105.124,1,0.016,0,False
192.168.105.146,1,0.454,0,False
192.168.105.223,1,0.322,0,False
192.168.105.31,1,0.413,0,False
192.168.105.61,1,0.355,0,False
192.168.105.85,1,0.777,0,True
192.168.106.108,1,0.923,0,True
192.168.106.250,1,0.201,0,False
192.168.106.53,1,0.855,0,True
192.168.107.157,1,0.304,0,False
192.168.107.218,1,0.775,0,True
192.168.107.24,1,0.316,0,False
192.168.108.166,1,0.006,0,False
192.168.108.190,1,0.913,0,True
192.168.108.233,1,0.346,0,False
192.168.109.33,1,0.833,0,True
192.168.109.54,1,0.846,0,True
192.168.109.68,1,0.993,0,True
192.168.11.137,1,0.889,0,True
192.168.11.34,2,0.505,0,False
192.168.11.71,1,0.036,0,False
192.168.110.15,1,0.88,0,True
192.168.110.5,1,0.887,0,True
192.168.111.13,1,0.82,0,True
192.168.111.152,1,0.872,0,True
192.168.111.211,1,0.804,0,True
192.168.111.237,1,0.0,0,False
192.168.111.29,1,0.288,0,False
192.168.112.133,1,0.144,0,False
192.168.112.232,1,0.938,0,True
192.168.112.245,1,0.493,0,False
192.168.112.63,1,0.934,0,True
192.168.113.106,1,0.158,0,False
192.168.113.234,1,0.607,0,False
192.168.114.162,1,0.853,0,True
192.168.114.231,1,0.419,0,False
192.168.114.245,1,0.452,0,False
192.168.114.34,1,0.507,0,False
192.168.114.67,1,0.514,0,False
192.168.114.87,1,0.333,0,False
192.168.115.10,1,0.282,0,False
192.168.115.100,1,0.457,0,False
192.168.115.203,1,0.889,0,True
192.168.115.236,1,0.52,0,False
192.168.115.77,1,0.145,0,False
192.168.116.154,1,0.786,0,True
192.168.116.198,1,0.448,0,False
192.168.116.36,1,0.495,0,False
192.168.117.163,1,0.393,0,False
192.168.117.201,1,0.313,0,False
192.168.117.36,1,0.117,0,False
192.168.117.68,1,0.513,0,False
192.168.118.78,1,0.257,0,False
192.168.118.91,1,0.432,0,False
192.168.119.169,1,0.542,0,False
192.168.119.186,1,0.068,0,False
192.168.119.207,1,0.499,0,False
192.168.119.86,1,0.331,0,False
192.168.12.146,1,0.437,0,False
192.168.12.155,1,0.252,0,False
192.168.12.225,1,0.237,0,False
192.168.120.140,1,0.461,0,False
192.168.121.23,1,0.949,0,True
192.168.121.235,1,0.064,0,False
192.168.121.30,1,0.494,0,False
192.168.122.135,1,0.609,0,False
192.168.122.143,1,0.704,0,True
192.168.122.19,1,0.734,0,True
192.168.122.232,1,0.045,0,False
192.168.122.253,1,0.81,0,True
192.168.123.198,1,0.34,0,False
192.168.123.29,1,0.827,0,True
192.168.124.113,1,0.656,0,False
192.168.124.249,1,0.049,0,False
192.168.124.57,1,0.142,0,False
192.168.125.135,1,0.114,0,False
192.168.125.151,1,0.02,0,False
192.168.125.154,1,0.954,0,True
192.168.125.66,1,0.403,0,False
192.168.125.7,1,0.205,1,True
192.168.126.112,1,0.418,0,False
192.168.126.122,1,0.21,0,False
192.168.126.167,1,0.052,0,False
192.168.126.233,1,0.512,0,False
192.168.127.177,2,0.7885,0,True
192.168.127.189,1,0.732,0,True
192.168.127.250,1,0.734,0,True
192.168.127.43,1,0.781,0,True
192.168.127.50,1,0.252,0,False
192.168.127.6,1,0.822,0,True
192.168.128.116,1,0.437,0,False
192.168.128.48,1,0.732,0,True
192.168.128.86,1,0.674,0,False
192.168.129.102,1,0.351,0,False
192.168.129.120,1,0.088,0,False
192.168.129.152,1,0.323,0,False
192.168.129.231,1,0.231,1,True
192.168.129.36,1,0.389,0,False
192.168.129.83,1,0.594,0,False
192.168.129.95,1,0.418,0,False
192.168.13.116,1,0.862,0,True
192.168.13.130,1,0.287,0,False
192.168.13.78,1,0.92,0,True
192.168.130.123,1,0.992,0,True
192.168.130.217,1,0.543,0,False
192.168.130.250,1,0.308,0,False
192.168.131.19,1,0.972,0,True
192.168.131.213,1,0.123,0,False
192.168.131.233,1,0.659,0,False
192.168.131.252,1,0.245,1,True
192.168.132.105,1,0.498,0,False
192.168.132.140,1,0.032,0,False
192.168.132.179,1,0.309,0,False
192.168.132.22,1,0.384,0,False
192.168.132.41,1,0.416,0,False
192.168.132.66,1,0.845,0,True
192.168.134.117,1,0.45,0,False
192.168.134.13,1,0.096,1,True
192.168.134.221,1,0.43,0,False
192.168.134.41,1,0.18,0,False
192.168.135.88,1,0.127,0,False
192.168.136.129,1,0.408,0,False
192.168.136.176,1,0.594,0,False
192.168.136.231,1,0.342,0,False
192.168.136.233,1,0.847,0,True
192.168.136.37,1,0.101,0,False
192.168.136.57,1,0.737,0,True
192.168.136.63,1,0.647,0,False
192.168.136.84,1,0.792,0,True
192.168.137.10,1,0.633,0,False
192.168.137.70,1,0.088,0,False
192.168.137.74,1,0.81,0,True
192.168.137.78,1,0.206,0,False
192.168.137.82,1,0.041,0,False
192.168.137.98,1,0.327,0,False
192.168.138.103,1,0.426,0,False
192.168.138.120,1,0.525,0,False
192.168.138.175,1,0.488,0,False
192.168.138.199,1,0.51,0,False
192.168.139.100,1,0.769,0,True
192.168.139.14,1,0.527,0,False
192.168.139.236,1,0.722,0,True
192.168.139.28,1,0.388,0,False
192.168.139.33,1,0.748,0,True
192.168.139.47,1,0.404,0,False
192.168.139.6,1,0.511,0,False
192.168.139.95,1,0.792,0,True
192.168.14.243,1,0.164,1,True
192.168.14.56,1,0.265,1,True
192.168.14.93,1,0.254,0,False
192.168.140.158,1,0.126,0,False
192.168.140.2,1,0.503,0,False
192.168.140.212,1,0.589,0,False
192.168.140.230,1,0.861,0,True
192.168.140.30,1,0.165,0,False
192.168.140.68,1,0.323,0,False
192.168.141.249,1,0.272,0,False
192.168.141.92,1,0.019,0,False
192.168.142.133,1,0.485,0,False
192.168.142.223,1,0.811,0,True
192.168.143.131,1,0.374,0,False
192.168.143.14,1,0.932,0,True
192.168.143.204,1,0.06,0,False
192.168.144.129,1,0.169,0,False
192.168.144.207,1,0.739,0,True
192.168.144.22,1,0.854,1,True
192.168.144.78,1,0.076,0,False
192.168.145.179,1,0.024,0,False
192.168.145.206,1,0.909,1,True
192.168.145.36,1,0.638,0,False
192.168.145.44,1,0.169,0,False
192.168.146.223,1,0.517,0,False
192.168.146.38,1,0.976,0,True
192.168.147.152,1,0.374,0,False
192.168.147.181,1,0.732,0,True
192.168.147.82,1,0.115,0,False
192.168.148.185,1,0.717,0,True
192.168.148.26,1,0.251,0,False
192.168.148.65,1,0.583,0,False
192.168.149.245,1,0.188,0,False
192.168.15.226,2,0.7965,0,True
192.168.15.58,1,0.003,0,False
192.168.150.156,1,0.275,1,True
192.168.150.168,1,0.309,0,False
192.168.150.175,1,0.519,0,False
192.168.150.189,1,0.045,0,False
192.168.150.212,1,0.477,0,False
192.168.150.244,1,0.584,0,False
192.168.150.251,1,0.904,0,True
192.168.151.171,1,0.496,0,False
192.168.151.225,1,0.433,0,False
192.168.152.176,1,0.468,0,False
192.168.152.20,1,0.573,0,False
192.168.152.56,1,0.137,0,False
192.168.153.107,1,0.594,0,False
192.168.153.129,1,0.521,0,False
192.168.153.137,1,0.228,0,False
192.168.153.175,1,0.144,0,False
192.168.153.47,1,0.033,0,False
192.168.153.76,1,0.873,0,True
192.168.154.0,1,0.37,1,True
192.168.154.142,1,0.659,0,False
192.168.154.153,1,0.785,0,True
192.168.154.168,1,0.606,0,False
192.168.154.224,1,0.159,0,False
192.168.155.1,1,0.465,0,False
192.168.155.141,1,0.554,0,False
192.168.155.175,1,0.588,0,False
192.168.155.196,1,0.306,0,False
192.168.155.231,1,0.204,0,False
192.168.155.42,1,0.076,0,False
192.168.155.74,1,0.782,0,True
192.168.156.138,1,0.644,0,False
192.168.156.185,1,0.087,0,False
192.168.156.78,1,0.919,0,True
192.168.157.68,1,0.804,0,True
192.168.158.101,1,0.777,0,True
192.168.158.155,1,0.618,0,False
192.168.158.170,1,0.038,0,False
192.168.158.220,1,0.252,0,False
192.168.158.242,1,0.787,0,True
192.168.158.44,1,0.671,0,False
192.168.158.68,1,0.841,0,True
192.168.159.25,1,0.668,0,False
192.168.16.141,1,0.579,0,False
192.168.16.160,1,0.324,1,True
192.168.16.18,1,0.124,0,False
192.168.16.31,1,0.113,0,False
192.168.16.58,1,0.771,0,True
192.168.160.106,1,0.811,0,True
192.168.160.159,1,0.69,0,False
192.168.160.166,1,0.263,0,False
192.168.160.227,1,0.772,0,True
192.168.160.239,1,0.547,0,False
192.168.161.112,1,0.634,0,False
192.168.161.138,1,0.296,0,False
192.168.162.115,1,0.165,0,False
192.168.162.225,1,0.023,0,False
192.168.162.239,1,0.176,0,False
192.168.162.241,1,0.755,0,True
192.168.162.97,1,0.864,0,True
192.168.163.104,1,0.689,0,False
192.168.163.20,1,0.611,0,False
192.168.163.31,1,0.733,0,True
192.168.163.67,1,0.452,0,False
192.168.164.114,1,0.411,0,False
192.168.164.2,1,0.45,0,False
192.168.164.48,1,0.605,0,False
192.168.165.105,1,0.808,0,True
192.168.165.117,1,0.858,0,True
192.168.165.129,1,0.534,0,False
192.168.165.158,1,0.064,0,False
192.168.165.211,1,0.042,0,False
192.168.165.223,1,0.798,0,True
192.168.165.30,1,0.599,0,False
192.168.165.37,1,0.571,0,False
192.168.165.89,1,0.454,0,False
192.168.166.139,1,0.658,0,False
192.168.166.187,1,0.449,0,False
192.168.166.87,1,0.847,0,True
192.168.167.235,1,0.922,0,True
192.168.167.249,1,0.492,0,False
192.168.167.253,1,0.917,0,True
192.168.168.145,1,0.537,0,False
192.168.168.207,1,0.619,0,False
192.168.168.32,1,0.537,0,False
192.168.168.73,1,0.391,0,False
192.168.169.122,1,0.441,0,False
192.168.169.156,1,0.371,0,False
192.168.169.175,1,0.687,0,False
192.168.169.46,1,0.554,0,False
192.168.17.72,1,0.029,0,False
192.168.170.115,1,0.402,0,False
192.168.170.126,1,0.958,0,True
192.168.170.14,1,0.577,0,False
192.168.170.219,1,0.27,0,False
192.168.171.157,1,0.329,0,False
192.168.171.230,1,0.393,0,False
192.168.172.105,1,0.678,0,False
192.168.172.16,1,0.328,1,True
192.168.172.207,1,0.866,0,True
192.168.172.84,1,0.659,0,False
192.168.173.216,1,0.242,0,False
192.168.173.255,1,0.709,0,True
192.168.173.28,1,0.284,0,False
192.168.173.67,1,0.418,0,False
192.168.174.109,1,0.716,0,True
192.168.174.181,1,0.481,0,False
192.168.174.25,1,0.287,0,False
192.168.175.170,1,0.08,0,False
192.168.175.191,1,0.806,0,True
192.168.175.23,1,0.724,1,True
192.168.175.43,1,0.065,0,False
192.168.176.112,1,0.943,0,True
192.168.176.130,1,0.976,0,True
192.168.176.216,1,0.657,0,False
192.168.176.32,1,0.049,0,False
192.168.177.161,1,0.101,0,False
192.168.177.170,1,0.004,0,False
192.168.177.207,1,0.426,0,False
192.168.177.211,1,0.123,0,False
192.168.177.88,1,0.963,0,True
192.168.178.38,1,0.852,0,True
192.168.178.48,1,0.414,0,False
192.168.178.77,1,0.367,0,False
192.168.179.152,1,0.695,0,False
192.168.179.46,1,0.858,0,True
192.168.18.119,1,0.96,0,True
192.168.18.180,1,0.933,0,True
192.168.18.66,1,0.664,1,True
192.168.180.166,1,0.303,0,False
192.168.180.209,1,0.157,0,False
192.168.180.230,1,0.786,0,True
192.168.180.53,1,0.138,0,False
192.168.180.92,1,0.946,0,True
192.168.180.99,1,0.846,0,True
192.168.181.124,1,0.442,0,False
192.168.181.154,1,0.538,0,False
192.168.181.198,1,0.832,0,True
192.168.181.203,1,0.31,0,False
192.168.181.206,1,0.928,0,True
192.168.181.248,1,0.537,0,False
192.168.182.118,1,0.497,0,False
192.168.182.173,1,0.612,0,False
192.168.182.199,1,0.505,0,False
192.168.182.253,1,0.894,0,True
192.168.183.120,1,0.899,0,True
192.168.184.140,1,0.098,0,False
192.168.184.176,1,0.274,0,False
192.168.184.252,1,0.53,0,False
192.168.184.28,1,0.897,0,True
192.168.184.36,1,0.367,0,False
192.168.185.145,1,0.52,0,False
192.168.185.202,1,0.052,0,False
192.168.185.48,1,0.862,0,True
192.168.185.61,1,0.209,0,False
192.168.186.220,1,0.476,0,False
192.168.186.221,1,0.457,0,False
192.168.186.61,1,0.13,0,False
192.168.187.112,1,0.811,0,True
192.168.187.115,1,0.005,0,False
192.168.187.229,1,0.423,0,False
192.168.187.96,1,0.132,0,False
192.168.188.158,1,0.515,0,False
192.168.188.181,1,0.482,0,False
192.168.188.198,1,0.364,0,False
192.168.188.212,1,0.09,0,False
192.168.188.245,1,0.687,0,False
192.168.189.102,1,0.074,0,False
192.168.189.174,1,0.296,0,False
192.168.189.82,1,0.228,0,False
192.168.19.15,1,0.093,0,False
192.168.19.157,1,0.732,0,True
192.168.19.169,1,0.638,0,False
192.168.19.231,1,0.536,0,False
192.168.19.7,1,0.775,0,True
192.168.190.10,1,0.483,0,False
192.168.190.107,1,0.864,0,True
192.168.190.195,1,0.801,0,True
192.168.190.67,1,0.397,0,False
192.168.190.84,1,0.134,0,False
192.168.191.159,1,0.391,0,False
192.168.191.201,1,0.171,0,False
192.168.191.247,1,0.048,0,False
192.168.191.7,1,0.454,0,False
192.168.192.190,1,0.447,0,False
192.168.192.23,1,0.705,0,True
192.168.192.240,1,0.71,0,True
192.168.193.10,1,0.674,0,False
192.168.194.138,1,0.862,0,True
192.168.194.190,1,0.397,0,False
192.168.194.249,1,0.054,0,False
192.168.195.118,1,0.885,0,True
192.168.195.51,1,0.661,0,False
192.168.195.73,1,0.506,0,False
192.168.196.128,1,0.883,0,True
192.168.196.16,1,0.723,0,True
192.168.196.176,1,0.559,0,False
192.168.197.102,1,0.32,0,False
192.168.197.117,1,0.996,0,True
192.168.197.168,1,0.896,0,True
192.168.197.246,1,0.958,0,True
192.168.197.44,1,0.725,0,True
192.168.198.103,1,0.606,0,False
192.168.198.121,1,0.704,0,True
192.168.198.159,1,0.281,0,False
192.168.198.206,1,0.329,0,False
192.168.198.74,1,0.139,0,False
192.168.199.131,1,0.63,0,False
192.168.199.215,1,0.041,1,True
192.168.199.223,1,0.96,0,True
192.168.199.239,1,0.541,0,False
192.168.2.100,1,0.576,0,False
192.168.2.203,1,0.994,0,True
192.168.2.211,1,0.034,0,False
192.168.2.247,1,0.197,0,False
192.168.20.137,1,0.246,0,False
192.168.20.199,1,0.35,0,False
192.168.20.38,1,0.813,0,True
192.168.20.57,1,0.858,0,True
192.168.20.99,1,0.444,0,False
192.168.200.110,1,0.393,0,False
192.168.200.22,1,0.369,0,False
192.168.201.132,1,0.333,0,False
192.168.201.87,1,0.817,0,True
192.168.202.110,1,0.517,0,False
192.168.202.175,1,0.859,0,True
192.168.202.213,1,0.376,0,False
192.168.203.149,1,0.962,0,True
192.168.203.193,1,0.523,1,True
192.168.203.28,1,0.74,0,True
192.168.203.66,1,0.929,0,True
192.168.204.184,1,0.258,0,False
192.168.205.152,1,0.882,0,True
192.168.205.48,1,0.324,0,False
192.168.205.52,1,0.813,0,True
192.168.205.96,1,0.222,0,False
192.168.206.127,1,0.091,0,False
192.168.206.236,1,0.311,0,False
192.168.206.28,1,0.828,0,True
192.168.206.32,1,0.909,0,True
192.168.207.181,1,0.123,0,False
192.168.207.220,1,0.291,0,False
192.168.207.231,1,0.956,0,True
192.168.207.74,1,0.388,0,False
192.168.208.159,1,0.72,0,True
192.168.208.185,1,0.876,0,True
192.168.208.242,1,0.248,0,False
192.168.208.250,1,0.253,1,True
192.168.208.51,1,0.676,0,False
192.168.208.92,1,0.549,0,False
192.168.209.107,1,0.273,0,False
192.168.209.11,1,0.754,0,True
192.168.209.125,1,0.581,0,False
192.168.209.143,1,0.847,0,True
192.168.209.185,1,0.173,0,False
192.168.209.205,1,0.932,0,True
192.168.209.219,1,0.914,0,True
192.168.209.225,1,0.135,0,False
192.168.209.28,1,0.503,0,False
192.168.209.40,1,0.846,0,True
192.168.209.76,1,0.911,0,True
192.168.21.102,1,0.764,0,True
192.168.21.113,1,0.299,0,False
192.168.21.180,1,0.8,0,True
192.168.21.206,1,0.177,0,False
192.168.21.215,1,0.956,0,True
192.168.21.220,1,0.481,0,False
192.168.21.50,1,0.012,0,False
192.168.21.65,1,0.023,0,False
192.168.210.122,1,0.514,0,False
192.168.210.157,1,0.872,0,True
192.168.210.228,1,0.204,0,False
192.168.210.47,1,0.275,0,False
192.168.210.96,1,0.156,0,False
192.168.211.1,1,0.659,0,False
192.168.212.122,1,0.517,1,True
192.168.212.39,1,0.522,0,False
192.168.213.191,1,0.444,0,False
192.168.213.205,1,0.736,0,True
192.168.213.207,1,0.329,0,False
192.168.213.214,1,0.164,0,False
192.168.213.233,1,0.515,0,False
192.168.214.154,1,0.214,0,False
192.168.214.159,1,0.687,0,False
192.168.214.198,1,0.186,0,False
192.168.214.219,1,0.968,0,True
192.168.214.220,1,0.654,0,False
192.168.214.65,1,0.591,0,False
192.168.215.103,1,0.415,0,False
192.168.215.111,1,0.357,0,False
192.168.215.145,1,0.176,0,False
192.168.215.158,1,0.255,0,False
192.168.215.204,1,0.022,0,False
192.168.215.26,1,0.333,0,False
192.168.215.58,1,0.01,0,False
192.168.216.161,1,0.098,0,False
192.168.216.188,1,0.199,1,True
192.168.216.56,1,0.27,0,False
192.168.216.79,1,0.713,0,True
192.168.217.145,1,0.035,0,False
192.168.217.188,1,0.013,0,False
192.168.217.205,1,0.416,0,False
192.168.218.69,1,0.214,0,False
192.168.218.91,1,0.937,0,True
192.168.218.99,1,0.341,0,False
192.168.219.116,1,0.554,0,False
192.168.219.187,1,0.948,0,True
192.168.219.254,1,0.104,0,False
192.168.219.71,1,0.207,0,False
192.168.22.134,1,0.434,0,False
192.168.22.58,1,0.394,0,False
192.168.22.82,1,0.265,0,False
192.168.22.96,1,0.947,0,True
192.168.220.113,1,0.837,0,True
192.168.220.122,1,0.853,0,True
192.168.220.204,1,0.223,0,False
192.168.221.1,1,0.775,0,True
192.168.221.104,1,0.295,0,False
192.168.221.242,1,0.131,0,False
192.168.222.101,1,0.133,0,False
192.168.222.110,1,0.382,0,False
192.168.222.231,1,0.402,0,False
192.168.222.28,1,0.14,0,False
192.168.222.63,1,0.696,0,False
192.168.223.253,1,0.586,0,False
192.168.223.5,1,0.942,0,True
192.168.224.0,1,0.141,0,False
192.168.224.15,1,0.126,0,False
192.168.224.198,1,0.565,0,False
192.168.224.201,1,0.464,0,False
192.168.224.248,1,0.961,0,True
192.168.224.54,1,0.81,0,True
192.168.224.57,1,0.405,0,False
192.168.225.174,1,0.698,0,False
192.168.225.235,1,0.253,0,False
192.168.225.5,1,0.592,0,False
192.168.225.52,1,0.753,1,True
192.168.225.6,1,0.084,0,False
192.168.226.1,1,0.339,0,False
192.168.226.119,1,0.064,0,False
192.168.226.136,1,0.462,0,False
192.168.226.138,1,0.39,0,False
192.168.226.140,1,0.181,0,False
192.168.227.190,1,0.507,0,False
192.168.227.219,1,0.943,0,True
192.168.227.239,1,0.925,0,True
192.168.228.119,1,0.637,0,False
192.168.228.17,1,0.088,0,False
192.168.228.29,1,0.015,0,False
192.168.228.81,1,0.803,0,True
192.168.229.130,1,0.744,0,True
192.168.229.204,1,0.768,0,True
192.168.229.247,1,0.329,0,False
192.168.229.254,1,0.09,1,True
192.168.229.83,1,0.437,0,False
192.168.23.101,1,0.553,0,False
192.168.23.135,1,0.525,0,False
192.168.23.188,1,0.941,0,True
192.168.23.209,1,0.262,0,False
192.168.23.54,1,0.404,0,False
192.168.230.17,1,0.747,0,True
192.168.230.231,1,0.47,1,True
192.168.230.55,1,0.601,0,False
192.168.230.70,1,0.232,0,False
192.168.231.103,1,0.289,0,False
192.168.231.163,1,0.075,0,False
192.168.231.200,1,0.409,0,False
192.168.231.92,1,0.13,0,False
192.168.232.126,1,0.309,0,False
192.168.232.137,1,0.471,0,False
192.168.232.97,1,0.544,0,False
192.168.233.177,1,0.939,0,True
192.168.233.228,1,0.495,0,False
192.168.233.24,1,0.212,0,False
192.168.233.249,1,0.564,0,False
192.168.234.137,1,0.266,0,False
192.168.234.162,1,0.513,0,False
192.168.234.17,1,0.136,0,False
192.168.234.243,1,0.741,0,True
192.168.234.86,1,0.552,0,False
192.168.235.126,2,0.772,0,True
192.168.235.132,1,0.763,0,True
192.168.235.223,1,0.565,0,False
192.168.235.25,1,0.959,0,True
192.168.235.252,1,0.388,0,False
192.168.235.44,1,0.171,0,False
192.168.235.46,1,0.877,0,True
192.168.236.52,1,0.436,0,False
192.168.236.65,1,0.116,0,False
192.168.236.76,1,0.543,0,False
192.168.236.89,1,0.606,0,False
192.168.237.141,1,0.471,0,False
192.168.237.217,1,0.595,0,False
192.168.237.32,1,0.92,0,True
192.168.237.69,1,0.644,1,True
192.168.237.80,1,0.721,0,True
192.168.238.132,1,0.867,0,True
192.168.238.178,1,0.804,0,True
192.168.238.2,1,0.015,0,False
192.168.238.205,1,0.819,0,True
192.168.239.121,1,0.271,0,False
192.168.239.123,1,0.997,0,True
192.168.239.135,1,0.814,0,True
192.168.239.23,1,0.365,0,False
192.168.239.230,1,0.829,0,True
192.168.239.8,1,0.572,0,False
192.168.239.89,1,0.407,0,False
192.168.24.134,1,0.222,0,False
192.168.24.178,1,0.714,0,True
192.168.24.18,1,0.449,0,False
192.168.24.186,1,0.755,0,True
192.168.24.42,1,0.156,0,False
192.168.24.47,1,0.505,0,False
192.168.24.66,1,0.98,0,True
192.168.24.72,1,0.117,0,False
192.168.240.146,1,0.289,0,False
192.168.240.193,1,0.17,0,False
192.168.240.20,1,0.672,0,False
192.168.240.227,1,0.687,0,False
192.168.241.115,1,0.402,0,False
192.168.241.116,2,0.3255,0,False
192.168.241.14,1,0.879,0,True
192.168.241.214,1,0.084,0,False
192.168.241.229,1,0.039,0,False
192.168.241.24,1,0.732,0,True
192.168.241.85,1,0.408,0,False
192.168.242.113,1,0.269,0,False
192.168.242.146,1,0.571,0,False
192.168.242.240,1,0.012,0,False
192.168.242.40,1,0.398,0,False
192.168.242.63,1,0.719,0,True
192.168.243.130,1,0.02,0,False
192.168.243.175,1,0.888,0,True
192.168.244.182,1,0.573,0,False
192.168.245.142,1,0.743,0,True
192.168.245.160,1,0.768,0,True
192.168.245.23,1,0.943,0,True
192.168.245.84,1,0.853,0,True
192.168.245.90,1,0.781,0,True
192.168.246.11,1,0.915,0,True
192.168.246.189,1,0.316,0,False
192.168.246.57,1,0.356,0,False
192.168.247.114,1,0.54,0,False
192.168.247.135,1,0.679,0,False
192.168.247.193,1,0.668,0,False
192.168.247.34,1,0.521,0,False
192.168.247.45,1,0.899,0,True
192.168.248.182,1,0.652,0,False
192.168.248.225,1,0.721,0,True
192.168.248.64,1,0.196,0,False
192.168.248.66,1,0.058,0,False
192.168.248.92,1,0.15,0,False
192.168.249.15,1,0.35,0,False
192.168.249.81,1,0.957,0,True
192.168.25.120,1,0.1,0,False
192.168.25.132,1,0.707,0,True
192.168.25.136,1,0.629,0,False
192.168.25.160,1,0.17,1,True
192.168.25.26,1,0.413,0,False
192.168.25.28,1,0.432,0,False
192.168.25.56,1,0.848,0,True
192.168.25.95,1,0.412,0,False
192.168.250.101,1,0.004,0,False
192.168.250.102,1,0.962,0,True
192.168.250.147,1,0.89,0,True
192.168.250.223,1,0.072,0,False
192.168.250.8,1,0.928,0,True
192.168.251.112,1,0.271,0,False
192.168.251.15,1,0.203,0,False
192.168.251.189,1,0.226,0,False
192.168.251.226,1,0.554,0,False
192.168.252.221,1,0.695,0,False
192.168.253.14,1,0.788,0,True
192.168.254.124,1,0.604,0,False
192.168.254.19,1,0.345,0,False
192.168.254.201,1,0.085,1,True
192.168.254.233,1,0.503,0,False
192.168.254.27,1,0.953,0,True
192.168.254.60,1,0.472,0,False
192.168.254.90,1,0.45,0,False
192.168.255.185,1,0.943,0,True
192.168.255.217,1,0.042,0,False
192.168.255.43,1,0.855,0,True
192.168.255.55,1,0.95,0,True
192.168.255.80,1,0.557,0,False
192.168.26.57,1,0.565,1,True
192.168.27.122,1,0.108,0,False
192.168.27.187,1,0.605,0,False
192.168.27.227,1,0.654,0,False
192.168.27.76,1,0.0,0,False
192.168.28.245,1,0.012,0,False
192.168.29.11,1,0.746,0,True
192.168.29.113,1,0.907,0,True
192.168.29.136,1,0.348,0,False
192.168.29.21,1,0.315,0,False
192.168.29.25,1,0.214,0,False
192.168.29.71,1,0.498,0,False
192.168.3.125,1,0.548,0,False
192.168.3.219,1,0.645,0,False
192.168.30.10,1,0.126,0,False
192.168.30.122,1,0.335,0,False
192.168.30.176,1,0.514,0,False
192.168.30.228,1,0.286,0,False
192.168.30.241,1,0.761,0,True
192.168.31.115,1,0.607,0,False
192.168.31.32,1,0.01,0,False
192.168.32.253,1,0.784,0,True
192.168.33.167,1,0.011,0,False
192.168.33.227,1,0.28,0,False
192.168.33.241,1,0.699,0,False
192.168.33.34,1,0.504,0,False
192.168.34.23,1,0.65,0,False
192.168.35.179,1,0.424,0,False
192.168.35.240,1,0.302,0,False
192.168.35.88,1,0.135,0,False
192.168.36.115,1,0.82,0,True
192.168.36.118,1,0.429,0,False
192.168.36.147,1,0.901,0,True
192.168.36.7,1,0.47,0,False
192.168.37.135,1,0.289,0,False
192.168.37.147,1,0.496,0,False
192.168.37.196,1,0.468,0,False
192.168.38.160,1,0.326,0,False
192.168.38.24,1,0.931,0,True
192.168.38.255,1,0.418,0,False
192.168.38.28,1,0.635,0,False
192.168.38.36,1,0.019,0,False
192.168.38.52,1,0.962,0,True
192.168.38.88,1,0.655,1,True
192.168.39.223,1,0.197,0,False
192.168.39.31,1,0.763,0,True
192.168.39.33,1,0.378,0,False
192.168.4.224,1,0.301,0,False
192.168.4.225,1,0.477,0,False
192.168.4.74,1,0.44,0,False
192.168.40.133,1,0.095,0,False
192.168.40.171,1,0.25,0,False
192.168.41.203,2,0.5055,0,False
192.168.41.232,1,0.454,0,False
192.168.42.187,1,0.277,0,False
192.168.42.207,1,0.386,0,False
192.168.42.68,1,0.232,0,False
192.168.42.94,1,0.662,0,False
192.168.43.127,1,0.249,0,False
192.168.43.162,1,0.155,0,False
192.168.43.187,1,0.476,0,False
192.168.43.73,1,0.233,1,True
192.168.43.75,1,0.588,0,False
192.168.43.97,1,0.874,0,True
192.168.44.105,1,0.067,0,False
192.168.44.147,1,0.462,0,False
192.168.45.135,1,0.603,0,False
192.168.45.21,2,0.4995,0,False
192.168.45.254,1,0.98,0,True
192.168.45.43,1,0.809,0,True
192.168.45.49,1,0.009,0,False
192.168.45.54,1,0.22,0,False
192.168.45.55,1,0.489,0,False
192.168.45.65,2,0.546,0,False
192.168.46.171,1,0.577,0,False
192.168.46.206,1,0.697,0,False
192.168.47.114,1,0.107,0,False
192.168.47.172,1,0.736,0,True
192.168.48.145,1,0.343,0,False
192.168.48.238,1,0.258,0,False
192.168.48.45,1,0.872,0,True
192.168.48.97,1,0.578,0,False
192.168.49.141,1,0.389,0,False
192.168.49.150,1,0.339,0,False
192.168.49.165,1,0.98,0,True
192.168.5.15,1,0.29,0,False
192.168.5.25,1,0.428,1,True
192.168.5.26,1,0.755,0,True
192.168.50.129,1,0.744,0,True
192.168.50.185,1,0.263,0,False
192.168.50.4,1,0.717,0,True
192.168.51.117,1,0.135,0,False
192.168.51.32,1,0.396,0,False
192.168.52.186,1,0.18,0,False
192.168.52.197,1,0.604,0,False
192.168.52.211,1,0.687,0,False
192.168.52.91,1,0.216,0,False
192.168.53.101,1,0.903,0,True
192.168.53.164,1,0.086,0,False
192.168.53.171,1,0.695,0,False
192.168.53.35,1,0.186,0,False
192.168.53.5,1,0.22,0,False
192.168.53.89,1,0.91,0,True
192.168.54.214,1,0.452,0,False
192.168.54.230,1,0.411,0,False
192.168.54.234,1,0.932,0,True
192.168.54.66,1,0.18,0,False
192.168.55.117,1,0.951,0,True
192.168.55.34,1,0.916,0,True
192.168.56.106,1,0.252,0,False
192.168.56.110,1,0.275,0,False
192.168.56.234,1,0.242,0,False
192.168.56.238,1,0.476,0,False
192.168.56.41,1,0.338,0,False
192.168.57.105,1,0.106,0,False
192.168.57.111,1,0.062,0,False
192.168.57.236,1,0.463,0,False
192.168.57.45,1,0.571,0,False
192.168.57.8,1,0.72,0,True
192.168.57.82,1,0.688,0,False
192.168.58.176,1,0.454,0,False
192.168.58.38,1,0.978,0,True
192.168.58.68,1,0.803,0,True
192.168.58.96,1,0.878,0,True
192.168.59.54,1,0.512,1,True
192.168.59.94,1,0.252,0,False
192.168.6.150,1,0.71,1,True
192.168.6.229,1,0.485,0,False
192.168.6.3,1,0.411,0,False
192.168.6.48,1,0.556,0,False
192.168.60.165,1,0.443,0,False
192.168.61.105,1,0.861,0,True
192.168.61.196,1,0.911,0,True
192.168.61.2,1,0.655,0,False
192.168.61.22,1,0.915,1,True
192.168.62.28,1,0.313,0,False
192.168.62.68,1,0.65,0,False
192.168.63.101,1,0.07,0,False
192.168.63.229,1,0.981,0,True
192.168.63.242,1,0.08,0,False
192.168.63.28,1,0.317,0,False
192.168.63.30,1,0.64,0,False
192.168.63.71,1,0.986,0,True
192.168.64.17,1,0.818,0,True
192.168.64.180,1,0.15,0,False
192.168.64.19,1,0.326,0,False
192.168.64.192,1,0.996,0,True
192.168.64.68,1,0.319,0,False
192.168.65.136,1,0.214,0,False
192.168.65.57,1,0.382,0,False
192.168.66.107,1,0.518,0,False
192.168.66.139,1,0.571,0,False
192.168.66.209,1,0.664,0,False
192.168.66.214,1,0.348,0,False
192.168.66.245,1,0.104,0,False
192.168.66.5,1,0.945,0,True
192.168.66.61,1,0.563,0,False
192.168.68.8,1,0.227,0,False
192.168.69.205,1,0.223,0,False
192.168.69.239,1,0.492,0,False
192.168.69.246,1,0.724,0,True
192.168.69.52,1,0.643,0,False
192.168.7.38,1,0.702,0,True
192.168.7.96,1,0.38,0,False
192.168.7.97,1,0.425,0,False
192.168.70.254,1,0.161,0,False
192.168.71.210,1,0.719,0,True
192.168.71.219,1,0.337,0,False
192.168.71.4,1,0.716,0,True
192.168.72.114,1,0.265,0,False
192.168.72.166,1,0.501,0,False
192.168.72.222,1,0.541,0,False
192.168.72.248,1,0.247,0,False
192.168.73.16,1,0.585,0,False
192.168.73.169,1,0.115,0,False
192.168.73.170,1,0.406,0,False
192.168.73.176,1,0.982,0,True
192.168.74.117,1,0.496,0,False
192.168.74.155,1,0.171,0,False
192.168.74.183,1,0.617,0,False
192.168.74.215,1,0.282,0,False
192.168.75.163,1,0.663,0,False
192.168.75.204,1,0.846,0,True
192.168.75.230,1,0.671,0,False
192.168.75.244,1,0.927,0,True
192.168.75.246,1,0.933,0,True
192.168.75.93,1,0.127,0,False
192.168.76.179,1,0.269,0,False
192.168.76.187,1,0.127,0,False
192.168.76.209,1,0.439,0,False
192.168.76.246,1,0.172,0,False
192.168.76.40,1,0.22,0,False
192.168.77.183,1,0.864,0,True
192.168.77.199,1,0.851,0,True
192.168.77.255,1,0.517,0,False
192.168.78.1,1,0.424,0,False
192.168.78.217,1,0.091,0,False
192.168.78.51,1,0.828,0,True
192.168.79.101,1,0.199,0,False
192.168.79.134,1,0.323,0,False
192.168.79.187,1,0.557,0,False
192.168.79.26,1,0.456,0,False
192.168.79.35,1,0.13,0,False
192.168.79.6,1,0.566,0,False
192.168.79.96,1,0.505,1,True
192.168.8.120,1,0.609,0,False
192.168.8.32,1,0.145,0,False
192.168.8.61,1,0.171,0,False
192.168.80.223,1,0.08,0,False
192.168.80.249,1,0.648,0,False
192.168.80.68,1,0.68,0,False
192.168.81.109,1,0.627,0,False
192.168.81.122,1,0.764,0,True
192.168.81.180,1,0.381,0,False
192.168.81.241,1,0.448,0,False
192.168.81.86,1,0.825,0,True
192.168.81.87,1,0.649,0,False
192.168.82.46,1,0.336,0,False
192.168.83.108,1,0.309,0,False
192.168.83.152,1,0.622,0,False
192.168.83.241,1,0.399,0,False
192.168.83.255,1,0.242,0,False
192.168.84.10,1,0.861,0,True
192.168.84.108,1,0.271,0,False
192.168.84.16,1,0.018,0,False
192.168.84.196,1,0.943,0,True
192.168.84.99,1,0.409,0,False
192.168.85.148,1,0.824,0,True
192.168.85.158,1,0.532,1,True
192.168.85.70,1,0.986,0,True
192.168.86.1,1,0.33,0,False
192.168.86.120,1,0.974,0,True
192.168.86.146,1,0.571,0,False
192.168.86.148,1,0.61,0,False
192.168.88.102,1,0.583,0,False
192.168.88.114,1,0.274,0,False
192.168.89.114,1,0.227,0,False
192.168.89.145,1,0.124,0,False
192.168.89.158,1,0.599,0,False
192.168.89.196,1,0.72,0,True
192.168.89.243,1,0.589,0,False
192.168.89.28,1,0.641,0,False
192.168.9.113,1,0.171,0,False
192.168.9.200,1,0.986,0,True
192.168.9.5,1,0.528,0,False
192.168.90.143,1,0.616,0,False
192.168.90.152,1,0.854,0,True
192.168.90.163,1,0.453,0,False
192.168.90.32,1,0.702,0,True
192.168.90.91,1,0.496,0,False
192.168.90.93,1,0.486,1,True
192.168.91.166,1,0.253,0,False
192.168.91.180,1,0.585,0,False
192.168.91.51,1,0.464,0,False
192.168.91.69,1,0.403,0,False
192.168.92.113,1,0.933,0,True
192.168.92.181,1,0.83,0,True
192.168.92.19,1,0.566,0,False
192.168.92.191,1,0.198,0,False
192.168.92.3,1,0.9,0,True
192.168.92.41,1,0.978,0,True
192.168.92.71,1,0.029,0,False
192.168.93.140,1,0.744,0,True
192.168.93.173,1,0.556,0,False
192.168.93.195,1,0.692,0,False
192.168.93.70,1,0.538,0,False
192.168.94.12,1,0.957,0,True
192.168.94.146,1,0.468,0,False
192.168.95.125,1,0.093,0,False
192.168.95.78,1,0.576,1,True
192.168.96.101,1,0.531,0,False
192.168.96.199,1,0.451,0,False
192.168.97.136,1,0.47,0,False
192.168.98.132,1,0.091,0,False
192.168.98.141,1,0.264,0,False
192.168.98.149,1,0.404,0,False
192.168.98.185,1,0.586,0,False
192.168.98.234,1,0.084,0,False
192.168.98.34,1,0.79,0,True
192.168.98.46,1,0.2,0,False
192.168.98.90,1,0.399,1,True
192.168.99.11,1,0.067,0,False
192.168.99.138,1,0.215,0,False
192.168.99.145,1,0.828,0,True
192.168.99.221,1,0.444,0,False
192.168.99.27,1,0.23,0,False
